{"rep_Id":11,"nm":"DIREP","exportLevel":"DXFLOW","build_Id":"3117","relVer":"4.1.0","patch_Id":"012","fldrs":[{"fldr":{"fldr_Id":168120,"nm":"INSIGHTS_DATAMART_GITHUB_TEST","reusableFlag":"N","fldr_Cd":"GIT1","versionControlFlg":"N"},"dataObjects":[],"dBFuns":[],"udfs":[],"layerObjects":[{"layer":{"layer_Id":168126,"fldr_Id":168120,"nm":"SF"},"maps":[],"flows":[{"fldr_Id":168120,"dxFlow":{"dxFlow_Id":168118,"layer_Id":168126,"nm":"jf_git_export","description":"sgdhdf","ver":"26","paramFilePath":"","paramFileNm":"","valid_Cd":"0","updateBy":"anaveen","lastUpdateBy":"anaveen","updateDt":1578915309,"dxFlow_Type":"R","retryEnabled":"N","numOfRetryAttempts":2,"retryWaitTime":60},"params":[{"param_Id":2,"obj_Id":168118,"nm":"Project_id","paramNm":"$FL_Project_id","paramPrec":20,"paramScale":0,"paramDTyp_Id":12,"paramVal":"164948,167090","valid_Cd":"0","srt_Order":0,"paramTyp":"P","type":"General Configuration","prm_Lnk_Obj_Id":-1,"paramDefVal":"NULL","conn_Id":-1,"conn_Db_Id":-1,"jobId":-1,"jobOrder":"","paramDTyp_Nm":"","isEditable":"Y","fldr_Id":-1,"forcibleFlag":"N"},{"param_Id":3,"obj_Id":168118,"nm":"Branch_name","paramNm":"$FL_Branch_name","paramPrec":20,"paramScale":0,"paramDTyp_Id":12,"paramVal":"develop","valid_Cd":"0","srt_Order":1,"paramTyp":"P","type":"General Configuration","prm_Lnk_Obj_Id":-1,"paramDefVal":"NULL","conn_Id":-1,"conn_Db_Id":-1,"jobId":-1,"jobOrder":"","paramDTyp_Nm":"","isEditable":"Y","fldr_Id":-1,"forcibleFlag":"N"}],"sqlParams":[{"param_Id":1,"obj_Id":168118,"nm":"Job_list","paramNm":"$FS_Job_list","paramPrec":20,"paramScale":0,"paramDTyp_Id":12,"paramVal":"select df.nm, f.nm, l.nm from dxflow df join obj_master o on o.obj_Id = df.dxflow_Id join layer l on l.fldr_Id = o.fldr_Id and l.layer_Id = df.layer_Id join fldr f on f.fldr_Id = o.fldr_Id where o.fldr_Id in(164948,167090)","valid_Cd":"0","srt_Order":0,"paramTyp":"S","type":"General Configuration","prm_Lnk_Obj_Id":-1,"paramDefVal":"NULL","conn_Id":168193,"conn_Db_Id":168193000,"jobId":-1,"jobOrder":"Initialization","paramDTyp_Nm":"","isEditable":"Y","fldr_Id":-1,"forcibleFlag":"N"}],"projectParams":[],"objects":[{"fldr_Id":-1,"tCmd_Inst":{"tCmd_Inst_Id":8,"nm":"TASK_FILE","description":"g","ver":"18","tCmdScriptPath":"","tCmdScriptNm":"rm -f /home/di/diyotta/controller/support/git_scripts/listfile.dat\nrm -f  /home/di/diyotta/controller/support/git_scripts/list.dat\nrm -f /home/di/diyotta/controller/support/git_scripts/listfilefinal.dat\nrm -f /home/di/diyotta/controller/support/git_scripts/listfile_final.dat\ntouch /home/di/diyotta/controller/support/git_scripts/listfile.dat\ntouch /home/di/diyotta/controller/support/git_scripts/list.dat \ntouch /home/di/diyotta/controller/support/git_scripts/listfilefinal.dat\ntouch /home/di/diyotta/controller/support/git_scripts/listfile_final.dat\ncd /home/di/diyotta/controller-repo/bin/\npsql -h  localhost -p 9003 -d direpdb -U direpusr -Atc \"select df.nm, f.nm, l.nm from dxflow df join obj_master o on o.obj_Id = df.dxflow_Id join layer l on l.fldr_Id = o.fldr_Id and l.layer_Id = df.layer_Id join fldr f on f.fldr_Id = o.fldr_Id where o.fldr_Id in ($FL_Project_id)\" >/home/di/diyotta/controller/support/git_scripts/listfile.dat\nsed 's/^/JOBFLOW,/' /home/di/diyotta/controller/support/git_scripts/listfile.dat >/home/di/diyotta/controller/support/git_scripts/list.dat\ntr '|' ','  < /home/di/diyotta/controller/support/git_scripts/list.dat >/home/di/diyotta/controller/support/git_scripts/listfilefinal.dat\nsed '1i export_object_type,export_object_name,Project_name,Layer_name,Data_Point,group_name,Object_Type' /home/di/diyotta/controller/support/git_scripts/listfilefinal.dat >/home/di/diyotta/controller/support/git_scripts/listfile_final.dat","valid_Cd":"0","dxFlow_Id":168118,"flagent_Id":86,"updateBy":"anaveen","lastUpdateBy":"anaveen","updateDt":1578915232,"agentGrpInd":"A","disableFlg":"N","success_Codes":"0,99","tCmdType":"E","flagentNm":"Default","conn_Id":-1,"tCmdScriptValid_Cd":"0","retryEnabled":"N","numOfRetryAttempts":2,"retryWaitTime":60},"flagent":{"flagent_Id":86,"nm":"Default","description":"Default agent","port":"9004","drFlag":"Y","dIVersion":"","flagent_cfgs":[{"flagent_Id":86,"fla_Cfg_Id":1,"fla_Cfg_Type":"##Agent Log Settings","fla_Cfg_Cd":"flagent.loglevel","fla_Cfg_Name":"flagent.loglevel","fla_Cfg_Val":"TRACE","updateDt":1490392213,"updateBy":"rparman","cfg_Type":"AGENT","change_Ind":"N","updatedFlag":"N","fldr_Id":-1},{"flagent_Id":86,"fla_Cfg_Id":2,"fla_Cfg_Type":"##Agent Log Settings","fla_Cfg_Cd":"flagent.logsize","fla_Cfg_Name":"flagent.logsize","fla_Cfg_Val":"100MB","updateDt":1490392213,"updateBy":"rparman","cfg_Type":"AGENT","change_Ind":"N","updatedFlag":"N","fldr_Id":-1},{"flagent_Id":86,"fla_Cfg_Id":3,"fla_Cfg_Type":"##Agent Log Settings","fla_Cfg_Cd":"flagent.logbkup_file_count","fla_Cfg_Name":"flagent.logbkup_file_count","fla_Cfg_Val":"10","updateDt":1490392213,"updateBy":"rparman","cfg_Type":"AGENT","change_Ind":"N","updatedFlag":"N","fldr_Id":-1},{"flagent_Id":86,"fla_Cfg_Id":4,"fla_Cfg_Type":"##Agent Log Settings","fla_Cfg_Cd":"flagent.logtype","fla_Cfg_Name":"flagent.logtype","fla_Cfg_Val":"txt","updateDt":1490392213,"updateBy":"rparman","cfg_Type":"AGENT","change_Ind":"N","updatedFlag":"N","fldr_Id":-1},{"flagent_Id":86,"fla_Cfg_Id":59,"fla_Cfg_Type":"##Agent Log Settings","fla_Cfg_Cd":"flagent.unitLogging","fla_Cfg_Name":"flagent.unitLogging","fla_Cfg_Val":"No","updateDt":1571205529,"updateBy":"Administrator","cfg_Type":"AGENT","change_Ind":"N","updatedFlag":"N","fldr_Id":-1},{"flagent_Id":86,"fla_Cfg_Id":60,"fla_Cfg_Type":"##Agent Log Settings","fla_Cfg_Cd":"flagent.maxUnitLogHistory","fla_Cfg_Name":"flagent.maxUnitLogHistory","fla_Cfg_Val":"2","updateDt":1571205530,"updateBy":"Administrator","cfg_Type":"AGENT","change_Ind":"N","updatedFlag":"N","fldr_Id":-1},{"flagent_Id":86,"fla_Cfg_Id":52,"fla_Cfg_Type":"##Agent Path Settings","fla_Cfg_Cd":"AGENT_STAGE_FILES","fla_Cfg_Name":"diagent.stagefiles ($$StgFileDir)","fla_Cfg_Val":"${diagent.home}/app/stage","updateDt":1571205521,"updateBy":"Administrator","cfg_Type":"AGENT","change_Ind":"N","updatedFlag":"N","fldr_Id":-1},{"flagent_Id":86,"fla_Cfg_Id":53,"fla_Cfg_Type":"##Agent Path Settings","fla_Cfg_Cd":"AGENT_SOURCE_FILES","fla_Cfg_Name":"diagent.sourcefiles ($$SrcFileDir)","fla_Cfg_Val":"${diagent.home}/app/source","updateDt":1571205521,"updateBy":"Administrator","cfg_Type":"AGENT","change_Ind":"N","updatedFlag":"N","fldr_Id":-1},{"flagent_Id":86,"fla_Cfg_Id":54,"fla_Cfg_Type":"##Agent Path Settings","fla_Cfg_Cd":"AGENT_TARGET_FILES","fla_Cfg_Name":"diagent.targetfiles ($$TgtFileDir)","fla_Cfg_Val":"${diagent.home}/app/target","updateDt":1571205521,"updateBy":"Administrator","cfg_Type":"AGENT","change_Ind":"N","updatedFlag":"N","fldr_Id":-1},{"flagent_Id":86,"fla_Cfg_Id":55,"fla_Cfg_Type":"##Agent Path Settings","fla_Cfg_Cd":"AGENT_ARCHIVE_FILES","fla_Cfg_Name":"diagent.archivefiles ($$ArchFileDir)","fla_Cfg_Val":"${diagent.home}/app/archive","updateDt":1571205521,"updateBy":"Administrator","cfg_Type":"AGENT","change_Ind":"N","updatedFlag":"N","fldr_Id":-1},{"flagent_Id":86,"fla_Cfg_Id":56,"fla_Cfg_Type":"##Agent Path Settings","fla_Cfg_Cd":"AGENT_BAD_FILES","fla_Cfg_Name":"diagent.badfiles ($$BadFileDir)","fla_Cfg_Val":"${diagent.home}/app/bad","updateDt":1571205521,"updateBy":"Administrator","cfg_Type":"AGENT","change_Ind":"N","updatedFlag":"N","fldr_Id":-1},{"flagent_Id":86,"fla_Cfg_Id":57,"fla_Cfg_Type":"##Agent Path Settings","fla_Cfg_Cd":"AGENT_CONTROL_FILES","fla_Cfg_Name":"diagent.ctrlfiles ($$CtrlFileDir)","fla_Cfg_Val":"${diagent.home}/app/control","updateDt":1571205521,"updateBy":"Administrator","cfg_Type":"AGENT","change_Ind":"N","updatedFlag":"N","fldr_Id":-1},{"flagent_Id":86,"fla_Cfg_Id":58,"fla_Cfg_Type":"##Agent Path Settings","fla_Cfg_Cd":"AGENT_LOG_FILES","fla_Cfg_Name":"diagent.opslogs ($$AppLogDir)","fla_Cfg_Val":"${diagent.home}/app/logs","updateDt":1571205521,"updateBy":"Administrator","cfg_Type":"AGENT","change_Ind":"N","updatedFlag":"N","fldr_Id":-1},{"flagent_Id":86,"fla_Cfg_Id":7,"fla_Cfg_Type":"##AppLogs Settings","fla_Cfg_Cd":"ops.OPS_BLK_DATA_LOGGING_BATCH","fla_Cfg_Name":"ops.OPS_BLK_DATA_LOGGING_BATCH","fla_Cfg_Val":"500000","updateDt":1490392213,"updateBy":"rparman","cfg_Type":"AGENT","change_Ind":"N","updatedFlag":"N","fldr_Id":-1},{"flagent_Id":86,"fla_Cfg_Id":8,"fla_Cfg_Type":"##AppLogs Settings","fla_Cfg_Cd":"ops.OPS_NO_OF_THREADS","fla_Cfg_Name":"ops.OPS_NO_OF_THREADS","fla_Cfg_Val":"100","updateDt":1490392213,"updateBy":"rparman","cfg_Type":"AGENT","change_Ind":"N","updatedFlag":"N","fldr_Id":-1},{"flagent_Id":86,"fla_Cfg_Id":9,"fla_Cfg_Type":"##AppLogs Settings","fla_Cfg_Cd":"ops.QUERY_TIMEOUT","fla_Cfg_Name":"ops.QUERY_TIMEOUT","fla_Cfg_Val":"7200","updateDt":1490392213,"updateBy":"rparman","cfg_Type":"AGENT","change_Ind":"N","updatedFlag":"N","fldr_Id":-1},{"flagent_Id":86,"fla_Cfg_Id":10,"fla_Cfg_Type":"##AppLogs Settings","fla_Cfg_Cd":"ops.BUF_SIZE","fla_Cfg_Name":"ops.BUF_SIZE","fla_Cfg_Val":"102400","updateDt":1490392213,"updateBy":"rparman","cfg_Type":"AGENT","change_Ind":"N","updatedFlag":"N","fldr_Id":-1},{"flagent_Id":86,"fla_Cfg_Id":16,"fla_Cfg_Type":"##AppLogs Settings","fla_Cfg_Cd":"ops.CONN_ATTEMPTS","fla_Cfg_Name":"ops.CONN_ATTEMPTS","fla_Cfg_Val":"3","updateDt":1490392213,"updateBy":"rparman","cfg_Type":"AGENT","change_Ind":"N","updatedFlag":"N","fldr_Id":-1},{"flagent_Id":86,"fla_Cfg_Id":17,"fla_Cfg_Type":"##AppLogs Settings","fla_Cfg_Cd":"ops.CONN_WAIT","fla_Cfg_Name":"ops.CONN_WAIT","fla_Cfg_Val":"5","updateDt":1490392213,"updateBy":"rparman","cfg_Type":"AGENT","change_Ind":"N","updatedFlag":"N","fldr_Id":-1},{"flagent_Id":86,"fla_Cfg_Id":5,"fla_Cfg_Type":"##Data Transmission Settings","fla_Cfg_Cd":"flagent.compression","fla_Cfg_Name":"flagent.compression","fla_Cfg_Val":"N","updateDt":1490392213,"updateBy":"rparman","cfg_Type":"AGENT","change_Ind":"N","updatedFlag":"N","fldr_Id":-1},{"flagent_Id":86,"fla_Cfg_Id":6,"fla_Cfg_Type":"##Data Transmission Settings","fla_Cfg_Cd":"flagent.encryption","fla_Cfg_Name":"flagent.encryption","fla_Cfg_Val":"N","updateDt":1490392213,"updateBy":"rparman","cfg_Type":"AGENT","change_Ind":"N","updatedFlag":"N","fldr_Id":-1},{"flagent_Id":86,"fla_Cfg_Id":11,"fla_Cfg_Type":"##Data Transmission Settings","fla_Cfg_Cd":"flagent.encryptionType","fla_Cfg_Name":"flagent.encryptionType","fla_Cfg_Val":"AES-128","updateDt":1490392213,"updateBy":"rparman","cfg_Type":"AGENT","change_Ind":"N","updatedFlag":"N","fldr_Id":-1},{"flagent_Id":86,"fla_Cfg_Id":12,"fla_Cfg_Type":"##Data Transmission Settings","fla_Cfg_Cd":"flagent.encryptedAESSecretKey","fla_Cfg_Name":"flagent.encryptedAESSecretKey","fla_Cfg_Val":"N","updateDt":1490392213,"updateBy":"rparman","cfg_Type":"AGENT","change_Ind":"N","updatedFlag":"N","fldr_Id":-1},{"flagent_Id":86,"fla_Cfg_Id":13,"fla_Cfg_Type":"##Data Transmission Settings","fla_Cfg_Cd":"flagent.compressionType","fla_Cfg_Name":"flagent.compressionType","fla_Cfg_Val":"gzip","updateDt":1490392213,"updateBy":"rparman","cfg_Type":"AGENT","change_Ind":"N","updatedFlag":"N","fldr_Id":-1},{"flagent_Id":86,"fla_Cfg_Id":14,"fla_Cfg_Type":"##Data Transmission Settings","fla_Cfg_Cd":"flagent.channelSSL","fla_Cfg_Name":"flagent.channelSSL","fla_Cfg_Val":"OFF","updateDt":1490392213,"updateBy":"rparman","cfg_Type":"AGENT","change_Ind":"N","updatedFlag":"N","fldr_Id":-1},{"flagent_Id":86,"fla_Cfg_Id":18,"fla_Cfg_Type":"##Data Transmission Settings","fla_Cfg_Cd":"flagent.acktimeout","fla_Cfg_Name":"flagent.acktimeout","fla_Cfg_Val":"30","updateDt":1514973865,"updateBy":"Administrator","cfg_Type":"AGENT","change_Ind":"N","updatedFlag":"N","fldr_Id":-1},{"flagent_Id":86,"fla_Cfg_Id":20,"fla_Cfg_Type":"##Data Transmission Settings","fla_Cfg_Cd":"PIPE_WAIT_TIME","fla_Cfg_Name":"Pipe wait time","fla_Cfg_Val":"10","updateDt":1527768137,"updateBy":"Administrator","cfg_Type":"AGENT","change_Ind":"N","updatedFlag":"N","fldr_Id":-1},{"flagent_Id":86,"fla_Cfg_Id":21,"fla_Cfg_Type":"##Data Transmission Settings","fla_Cfg_Cd":"AGENT_SERVICE_IDLE_TIMEOUT","fla_Cfg_Name":"Agent service idle timeout","fla_Cfg_Val":"5","updateDt":1527768156,"updateBy":"Administrator","cfg_Type":"AGENT","change_Ind":"N","updatedFlag":"N","fldr_Id":-1},{"flagent_Id":86,"fla_Cfg_Id":47,"fla_Cfg_Type":"##File Transmission","fla_Cfg_Cd":"FLAGENT.PARALLELFILETRANSFERLIMIT","fla_Cfg_Name":"flagent.parallelfiletransferlimit","fla_Cfg_Val":"100","updateDt":1553005813,"updateBy":"admin","cfg_Type":"AGENT","change_Ind":"N","updatedFlag":"N","fldr_Id":-1}],"sslFlag":"N","keystore_path":"","keyPassword":"","truststore_path":"","trustPassword":"","cfgChangeInd":"N","activeAgentMessage":""},"flagent_Grp":{"flagent_Grp_Id":-1,"nm":""},"dxFlow_Obj_Properties":[],"conn_Db_Obj_Lnk":{"conn_Id":-1,"dxFlow_Id":168118,"dxMp_Inst_Id":8,"obj_Id":8,"conn_Db_Id":-1,"obj_Cd":"TCMD","dbTyp_Id":-1,"extract_Properties":[],"load_Properties":[],"partition_Properties":[],"sel_Extract_PropertyType_Cd":"","sel_Load_PropertyType_Cd":"","metaData_Properties":[],"decryption_Properties":[],"reRun_Properties":[]}},{"fldr_Id":-1,"tCmd_Inst":{"tCmd_Inst_Id":7,"nm":"CMD_GIT","description":"","ver":"7","tCmdScriptPath":"","tCmdScriptNm":"sh /home/di/diyotta/controller/support/git_scripts/diy_export.sh /home/di/diyotta/controller/support/git_scripts/listfile_final.dat /home/di/diyotta/controller/support/BIOIQ_GIT master $FL_Branch_name /home/di/diyotta/controller/support/tmp DevelopprojectpushingfromDiyotta","valid_Cd":"0","dxFlow_Id":168118,"flagent_Id":86,"updateBy":"anaveen","lastUpdateBy":"anaveen","updateDt":1578915307,"agentGrpInd":"A","disableFlg":"N","success_Codes":"0,99","tCmdType":"E","flagentNm":"Default","conn_Id":-1,"tCmdScriptValid_Cd":"0","retryEnabled":"N","numOfRetryAttempts":2,"retryWaitTime":60},"flagent":{"flagent_Id":86,"nm":"Default","description":"Default agent","port":"9004","drFlag":"Y","dIVersion":"","flagent_cfgs":[{"flagent_Id":86,"fla_Cfg_Id":1,"fla_Cfg_Type":"##Agent Log Settings","fla_Cfg_Cd":"flagent.loglevel","fla_Cfg_Name":"flagent.loglevel","fla_Cfg_Val":"TRACE","updateDt":1490392213,"updateBy":"rparman","cfg_Type":"AGENT","change_Ind":"N","updatedFlag":"N","fldr_Id":-1},{"flagent_Id":86,"fla_Cfg_Id":2,"fla_Cfg_Type":"##Agent Log Settings","fla_Cfg_Cd":"flagent.logsize","fla_Cfg_Name":"flagent.logsize","fla_Cfg_Val":"100MB","updateDt":1490392213,"updateBy":"rparman","cfg_Type":"AGENT","change_Ind":"N","updatedFlag":"N","fldr_Id":-1},{"flagent_Id":86,"fla_Cfg_Id":3,"fla_Cfg_Type":"##Agent Log Settings","fla_Cfg_Cd":"flagent.logbkup_file_count","fla_Cfg_Name":"flagent.logbkup_file_count","fla_Cfg_Val":"10","updateDt":1490392213,"updateBy":"rparman","cfg_Type":"AGENT","change_Ind":"N","updatedFlag":"N","fldr_Id":-1},{"flagent_Id":86,"fla_Cfg_Id":4,"fla_Cfg_Type":"##Agent Log Settings","fla_Cfg_Cd":"flagent.logtype","fla_Cfg_Name":"flagent.logtype","fla_Cfg_Val":"txt","updateDt":1490392213,"updateBy":"rparman","cfg_Type":"AGENT","change_Ind":"N","updatedFlag":"N","fldr_Id":-1},{"flagent_Id":86,"fla_Cfg_Id":59,"fla_Cfg_Type":"##Agent Log Settings","fla_Cfg_Cd":"flagent.unitLogging","fla_Cfg_Name":"flagent.unitLogging","fla_Cfg_Val":"No","updateDt":1571205529,"updateBy":"Administrator","cfg_Type":"AGENT","change_Ind":"N","updatedFlag":"N","fldr_Id":-1},{"flagent_Id":86,"fla_Cfg_Id":60,"fla_Cfg_Type":"##Agent Log Settings","fla_Cfg_Cd":"flagent.maxUnitLogHistory","fla_Cfg_Name":"flagent.maxUnitLogHistory","fla_Cfg_Val":"2","updateDt":1571205530,"updateBy":"Administrator","cfg_Type":"AGENT","change_Ind":"N","updatedFlag":"N","fldr_Id":-1},{"flagent_Id":86,"fla_Cfg_Id":52,"fla_Cfg_Type":"##Agent Path Settings","fla_Cfg_Cd":"AGENT_STAGE_FILES","fla_Cfg_Name":"diagent.stagefiles ($$StgFileDir)","fla_Cfg_Val":"${diagent.home}/app/stage","updateDt":1571205521,"updateBy":"Administrator","cfg_Type":"AGENT","change_Ind":"N","updatedFlag":"N","fldr_Id":-1},{"flagent_Id":86,"fla_Cfg_Id":53,"fla_Cfg_Type":"##Agent Path Settings","fla_Cfg_Cd":"AGENT_SOURCE_FILES","fla_Cfg_Name":"diagent.sourcefiles ($$SrcFileDir)","fla_Cfg_Val":"${diagent.home}/app/source","updateDt":1571205521,"updateBy":"Administrator","cfg_Type":"AGENT","change_Ind":"N","updatedFlag":"N","fldr_Id":-1},{"flagent_Id":86,"fla_Cfg_Id":54,"fla_Cfg_Type":"##Agent Path Settings","fla_Cfg_Cd":"AGENT_TARGET_FILES","fla_Cfg_Name":"diagent.targetfiles ($$TgtFileDir)","fla_Cfg_Val":"${diagent.home}/app/target","updateDt":1571205521,"updateBy":"Administrator","cfg_Type":"AGENT","change_Ind":"N","updatedFlag":"N","fldr_Id":-1},{"flagent_Id":86,"fla_Cfg_Id":55,"fla_Cfg_Type":"##Agent Path Settings","fla_Cfg_Cd":"AGENT_ARCHIVE_FILES","fla_Cfg_Name":"diagent.archivefiles ($$ArchFileDir)","fla_Cfg_Val":"${diagent.home}/app/archive","updateDt":1571205521,"updateBy":"Administrator","cfg_Type":"AGENT","change_Ind":"N","updatedFlag":"N","fldr_Id":-1},{"flagent_Id":86,"fla_Cfg_Id":56,"fla_Cfg_Type":"##Agent Path Settings","fla_Cfg_Cd":"AGENT_BAD_FILES","fla_Cfg_Name":"diagent.badfiles ($$BadFileDir)","fla_Cfg_Val":"${diagent.home}/app/bad","updateDt":1571205521,"updateBy":"Administrator","cfg_Type":"AGENT","change_Ind":"N","updatedFlag":"N","fldr_Id":-1},{"flagent_Id":86,"fla_Cfg_Id":57,"fla_Cfg_Type":"##Agent Path Settings","fla_Cfg_Cd":"AGENT_CONTROL_FILES","fla_Cfg_Name":"diagent.ctrlfiles ($$CtrlFileDir)","fla_Cfg_Val":"${diagent.home}/app/control","updateDt":1571205521,"updateBy":"Administrator","cfg_Type":"AGENT","change_Ind":"N","updatedFlag":"N","fldr_Id":-1},{"flagent_Id":86,"fla_Cfg_Id":58,"fla_Cfg_Type":"##Agent Path Settings","fla_Cfg_Cd":"AGENT_LOG_FILES","fla_Cfg_Name":"diagent.opslogs ($$AppLogDir)","fla_Cfg_Val":"${diagent.home}/app/logs","updateDt":1571205521,"updateBy":"Administrator","cfg_Type":"AGENT","change_Ind":"N","updatedFlag":"N","fldr_Id":-1},{"flagent_Id":86,"fla_Cfg_Id":7,"fla_Cfg_Type":"##AppLogs Settings","fla_Cfg_Cd":"ops.OPS_BLK_DATA_LOGGING_BATCH","fla_Cfg_Name":"ops.OPS_BLK_DATA_LOGGING_BATCH","fla_Cfg_Val":"500000","updateDt":1490392213,"updateBy":"rparman","cfg_Type":"AGENT","change_Ind":"N","updatedFlag":"N","fldr_Id":-1},{"flagent_Id":86,"fla_Cfg_Id":8,"fla_Cfg_Type":"##AppLogs Settings","fla_Cfg_Cd":"ops.OPS_NO_OF_THREADS","fla_Cfg_Name":"ops.OPS_NO_OF_THREADS","fla_Cfg_Val":"100","updateDt":1490392213,"updateBy":"rparman","cfg_Type":"AGENT","change_Ind":"N","updatedFlag":"N","fldr_Id":-1},{"flagent_Id":86,"fla_Cfg_Id":9,"fla_Cfg_Type":"##AppLogs Settings","fla_Cfg_Cd":"ops.QUERY_TIMEOUT","fla_Cfg_Name":"ops.QUERY_TIMEOUT","fla_Cfg_Val":"7200","updateDt":1490392213,"updateBy":"rparman","cfg_Type":"AGENT","change_Ind":"N","updatedFlag":"N","fldr_Id":-1},{"flagent_Id":86,"fla_Cfg_Id":10,"fla_Cfg_Type":"##AppLogs Settings","fla_Cfg_Cd":"ops.BUF_SIZE","fla_Cfg_Name":"ops.BUF_SIZE","fla_Cfg_Val":"102400","updateDt":1490392213,"updateBy":"rparman","cfg_Type":"AGENT","change_Ind":"N","updatedFlag":"N","fldr_Id":-1},{"flagent_Id":86,"fla_Cfg_Id":16,"fla_Cfg_Type":"##AppLogs Settings","fla_Cfg_Cd":"ops.CONN_ATTEMPTS","fla_Cfg_Name":"ops.CONN_ATTEMPTS","fla_Cfg_Val":"3","updateDt":1490392213,"updateBy":"rparman","cfg_Type":"AGENT","change_Ind":"N","updatedFlag":"N","fldr_Id":-1},{"flagent_Id":86,"fla_Cfg_Id":17,"fla_Cfg_Type":"##AppLogs Settings","fla_Cfg_Cd":"ops.CONN_WAIT","fla_Cfg_Name":"ops.CONN_WAIT","fla_Cfg_Val":"5","updateDt":1490392213,"updateBy":"rparman","cfg_Type":"AGENT","change_Ind":"N","updatedFlag":"N","fldr_Id":-1},{"flagent_Id":86,"fla_Cfg_Id":5,"fla_Cfg_Type":"##Data Transmission Settings","fla_Cfg_Cd":"flagent.compression","fla_Cfg_Name":"flagent.compression","fla_Cfg_Val":"N","updateDt":1490392213,"updateBy":"rparman","cfg_Type":"AGENT","change_Ind":"N","updatedFlag":"N","fldr_Id":-1},{"flagent_Id":86,"fla_Cfg_Id":6,"fla_Cfg_Type":"##Data Transmission Settings","fla_Cfg_Cd":"flagent.encryption","fla_Cfg_Name":"flagent.encryption","fla_Cfg_Val":"N","updateDt":1490392213,"updateBy":"rparman","cfg_Type":"AGENT","change_Ind":"N","updatedFlag":"N","fldr_Id":-1},{"flagent_Id":86,"fla_Cfg_Id":11,"fla_Cfg_Type":"##Data Transmission Settings","fla_Cfg_Cd":"flagent.encryptionType","fla_Cfg_Name":"flagent.encryptionType","fla_Cfg_Val":"AES-128","updateDt":1490392213,"updateBy":"rparman","cfg_Type":"AGENT","change_Ind":"N","updatedFlag":"N","fldr_Id":-1},{"flagent_Id":86,"fla_Cfg_Id":12,"fla_Cfg_Type":"##Data Transmission Settings","fla_Cfg_Cd":"flagent.encryptedAESSecretKey","fla_Cfg_Name":"flagent.encryptedAESSecretKey","fla_Cfg_Val":"N","updateDt":1490392213,"updateBy":"rparman","cfg_Type":"AGENT","change_Ind":"N","updatedFlag":"N","fldr_Id":-1},{"flagent_Id":86,"fla_Cfg_Id":13,"fla_Cfg_Type":"##Data Transmission Settings","fla_Cfg_Cd":"flagent.compressionType","fla_Cfg_Name":"flagent.compressionType","fla_Cfg_Val":"gzip","updateDt":1490392213,"updateBy":"rparman","cfg_Type":"AGENT","change_Ind":"N","updatedFlag":"N","fldr_Id":-1},{"flagent_Id":86,"fla_Cfg_Id":14,"fla_Cfg_Type":"##Data Transmission Settings","fla_Cfg_Cd":"flagent.channelSSL","fla_Cfg_Name":"flagent.channelSSL","fla_Cfg_Val":"OFF","updateDt":1490392213,"updateBy":"rparman","cfg_Type":"AGENT","change_Ind":"N","updatedFlag":"N","fldr_Id":-1},{"flagent_Id":86,"fla_Cfg_Id":18,"fla_Cfg_Type":"##Data Transmission Settings","fla_Cfg_Cd":"flagent.acktimeout","fla_Cfg_Name":"flagent.acktimeout","fla_Cfg_Val":"30","updateDt":1514973865,"updateBy":"Administrator","cfg_Type":"AGENT","change_Ind":"N","updatedFlag":"N","fldr_Id":-1},{"flagent_Id":86,"fla_Cfg_Id":20,"fla_Cfg_Type":"##Data Transmission Settings","fla_Cfg_Cd":"PIPE_WAIT_TIME","fla_Cfg_Name":"Pipe wait time","fla_Cfg_Val":"10","updateDt":1527768137,"updateBy":"Administrator","cfg_Type":"AGENT","change_Ind":"N","updatedFlag":"N","fldr_Id":-1},{"flagent_Id":86,"fla_Cfg_Id":21,"fla_Cfg_Type":"##Data Transmission Settings","fla_Cfg_Cd":"AGENT_SERVICE_IDLE_TIMEOUT","fla_Cfg_Name":"Agent service idle timeout","fla_Cfg_Val":"5","updateDt":1527768156,"updateBy":"Administrator","cfg_Type":"AGENT","change_Ind":"N","updatedFlag":"N","fldr_Id":-1},{"flagent_Id":86,"fla_Cfg_Id":47,"fla_Cfg_Type":"##File Transmission","fla_Cfg_Cd":"FLAGENT.PARALLELFILETRANSFERLIMIT","fla_Cfg_Name":"flagent.parallelfiletransferlimit","fla_Cfg_Val":"100","updateDt":1553005813,"updateBy":"admin","cfg_Type":"AGENT","change_Ind":"N","updatedFlag":"N","fldr_Id":-1}],"sslFlag":"N","keystore_path":"","keyPassword":"","truststore_path":"","trustPassword":"","cfgChangeInd":"N","activeAgentMessage":""},"flagent_Grp":{"flagent_Grp_Id":-1,"nm":""},"dxFlow_Obj_Properties":[],"conn_Db_Obj_Lnk":{"conn_Id":-1,"dxFlow_Id":168118,"dxMp_Inst_Id":7,"obj_Id":7,"conn_Db_Id":-1,"obj_Cd":"TCMD","dbTyp_Id":-1,"extract_Properties":[],"load_Properties":[],"partition_Properties":[],"sel_Extract_PropertyType_Cd":"","sel_Load_PropertyType_Cd":"","metaData_Properties":[],"decryption_Properties":[],"reRun_Properties":[]}}],"dxFlow_Fwd_Lnks":[{"dxFlow_Id":168118,"obj_Id":8,"fwd_Lnk_Obj_Id":7,"obj_Cd":"TCMD","fwd_Lnk_Obj_Cd":"TCMD","lnkCndVal":"$RSU_TASK_FILE.Status = 'SUCCEEDED'","lnkCndValid_Cd":"0"}],"dxFlow_Obj_Properties":[{"dxFlow_Id":168118,"job_Id":-1,"property_Id":-1,"property_Cd":"LOGGING_LEVEL","property_Nm":"LOGGING_LEVEL","property_Val":"INFO","srt_Order":1,"property_Type":" "},{"dxFlow_Id":168118,"job_Id":-1,"property_Id":-1,"property_Cd":"TFORM_CLEANUP","property_Nm":"TFORM_CLEANUP","property_Val":"Y","srt_Order":2,"property_Type":" "}],"dependent_Ids":[]}]}],"connections":[{"fldr_Id":168120,"conn":{"conn_Id":168193,"nm":"CONN_PG","aliasNm":"POSTGRESQL","host":"localhost","port":"9003","nativeFlag":"N","connParamNm":"$CN_GIT1_PG_POSTGRESQL_CONN_PG","dbTyp_Id":4,"connType":"N","ver":"3","description":"","valid_Cd":"0","updateDt":1578911036,"updateBy":"anaveen","hdfshost":"","hdfsport":"","wrhloc":"","hadoop_Dist":"Postgre SQL","flagent_Id":86,"fileloc":"","ftpFlag":"N","ftpHost":"","ftpPort":"","ftpUsr":"","ftpPasswd":"diyotta","fileProtocol":"FTP","secAuth":"Simple","hive_Principal":"","user_Principal":"","secKeyTab":"","secToken":"","url":"","dbVersion":"9.x","exe_Engine":"mr","hdfs_Temp_Loc":"/tmp","yarnRMHost":"","yarnRMPort":"","mrJobHistHost":"","mrJobHistPort":"","hdfsPrincipal":"","yarnPrincipal":"","mapRedPrincipal":"","hdfs_Location":"","jobTracker_Host":"","jobTracker_Port":"","agentGrpInd":"A","dbAliasNm":"","hbase_Master_Host":"","hbase_Master_Port":"","zookeeper_Quorum_Host":"","zookeeper_Client_Port":"","hbase_Location":"","spark_WebUrl_Port":"8080","zookeeper_Znode_Parent":"/hbase","consumerKey":"","consumerSecret":"","accessToken":"","accessTokenSecret":"","queueNm":"","kerb_Server":"","kdc_Host":"","default_Releam":"","archive_Dir_Flg":"N","archive_Dir_Loc":"","hiveServe2HACnf_Flg":"N","dfsHAConfig_Flg":"N","dfsNameService":"","nameNodeIDs":"","rpcAddrNameNodeID1":"","rpcAddrNameNodeID2":"","zookeeperNameSpace":"","privateFlg":"N","owner_Id":-1,"jmsProvider":"","jmsProviderURL":"","destinationType":"","destinationNm":"","connectionFactory":"","sparkMode":"","sparkYarnJarLocation":"","hadoop_Conf_Path":"$DI_HOME/app/control/hadoop/conf","amazonS3Host":"","bucketNm":"","tempLoc_Azs3":"","amzon_s3_mount":"","clusterNm":"","hdfs_SecAuth":"Simple","transportMode":"binary","httpPath":"cliservice","sftpAuthMode":"password","pvtKeyFileNm":"","bootstrapServers":"","zookeeperConnect":"","topic":"","kafka_Regex":"","ssl_trustStore":"","ssl_trustStorePassword":"","ssl_keyStore":"","ssl_keyStorePassword":"","cs_SSL_Flag":"N","sparkVersion":"","spark_History_Host":"","spark_History_Port":"","warehouse_Properties":"","instSqlNm":"","codePage":"ASCII","client_Session":true,"sch_PoolNm":"default","spark_dsa":"N","query_Priority":"BATCH","hdfs_Rpc_Protection":"None","batchSize":0,"agency_Id":"","advertiser_Id":"","platform":"AWS","yarnRMHAEnabled_Flg":"N","yarnRMSchHost":"","yarnRMSchPort":"","yarnRMIDs":"","yarnRM1Address":"","yarnRM2Address":"","yarnRMWebappAddress":"","mapReduceApplicationClasspath":"","mapReduceFrameworkPath":"","mapReduceFrameworkName":"YARN","mapReduceJobHistoryHost":"","mapReduceJobHistoryPort":"","mapReduceJobHistoryIntermediateDir":"","hadoopDistributionVersion":"","clouderaManagerUser":"","clouderaManagerPassword":"","clouderaManagerHost":"","clouderaManagerPort":"0","clouderaManagerApiVer":"v17","protocol":"http","yarnTimelineServerHost":"","yarnTimelineServerPort":"","yarnTimelineServerVersion":"v1","yarnApplicationClasspath":"","yarnAppMapreduceAMStagingDir":"","spark_dts":"N","access_Token_Flg":"N","proxy_Flg":"N","jdbcOptions":"","passwordFlag":"N","tokenFlag":"N","ssl_trustStorePasswordFlag":"N","sparkUIPort":"4040","cpuCores":"*","wsSecurityAuth":"N","tenantName":"","ssl_version":"1.2","conndbtype":"","storagetype":"","ssl_keyStorePasswordFlag":"N","secretFlag":"N"},"conn_Dbs":[{"conn_Id":168193,"conn_Db_Id":168193000,"nm":"default","description":"","databaseNm":"direpdb","dbParamNm":"$DB_PG_POSTGRESQL_CONN_PG_default","schemaNm":"default","schemaParamNm":"$SC_PG_POSTGRESQL_CONN_PG_default_default","stgDb_Flag":"N","srt_Order":0,"updateDt":1578909585,"updateBy":"anaveen","schemaList":[],"datasetsList":[]}],"conn_Usr":{"conn_Id":168193,"conn_Usr_Id":168193,"conn_Usr":"direpusr","usrPasswd":"diyotta","connUsrParamNm":"","usrPasswdParamNm":"0","updateDt":1578909585,"updateBy":"anaveen"},"flagent":{"flagent_Id":86,"nm":"Default","description":"Default agent","port":"9004","drFlag":"Y","dIVersion":"","sslFlag":"N","keystore_path":"","keyPassword":"","truststore_path":"","trustPassword":"","cfgChangeInd":"N","activeAgentMessage":""},"flagent_Grp":{"flagent_Grp_Id":-1,"nm":""},"extract_Properties":[{"dbTyp_Id":4,"el_Type":"E","propertyType_Cd":"JDBC","property_Cd":"CIPHER_OPERATION_MODE","propertyVal":"CBC","defaultSel":"Y","streamingFlg":"N","overrideFlg":"N","copyPropertyVal":"CBC","dobj_Id":-1,"valid_Cd":"0","relevant_DbTyp_Ids":"4","operation":"","runAsOScommand":"N","input_Control":""},{"dbTyp_Id":4,"el_Type":"E","propertyType_Cd":"JDBC","property_Cd":"EXTRACT_MODE","propertyVal":"File","defaultSel":"Y","streamingFlg":"N","overrideFlg":"N","copyPropertyVal":"File","dobj_Id":-1,"valid_Cd":"0","relevant_DbTyp_Ids":"4","operation":"","runAsOScommand":"N","input_Control":""},{"dbTyp_Id":4,"el_Type":"E","propertyType_Cd":"JDBC","property_Cd":"FILE_TYPE","propertyVal":"Delimiter","defaultSel":"Y","streamingFlg":"N","overrideFlg":"N","copyPropertyVal":"Delimiter","dobj_Id":-1,"valid_Cd":"0","relevant_DbTyp_Ids":"4","operation":"","runAsOScommand":"N","input_Control":""},{"dbTyp_Id":4,"el_Type":"E","propertyType_Cd":"JDBC","property_Cd":"COLUMN_DELIMITER","propertyVal":"01","defaultSel":"Y","streamingFlg":"N","overrideFlg":"N","copyPropertyVal":"01","dobj_Id":-1,"valid_Cd":"0","relevant_DbTyp_Ids":"4","operation":"","runAsOScommand":"N","input_Control":""},{"dbTyp_Id":4,"el_Type":"E","propertyType_Cd":"JDBC","property_Cd":"LFINSTRING","propertyVal":"OFF","defaultSel":"Y","streamingFlg":"N","overrideFlg":"N","copyPropertyVal":"OFF","dobj_Id":-1,"valid_Cd":"0","relevant_DbTyp_Ids":"4","operation":"","runAsOScommand":"N","input_Control":""},{"dbTyp_Id":4,"el_Type":"E","propertyType_Cd":"JDBC","property_Cd":"COMPRESSION","propertyVal":"NO","defaultSel":"Y","streamingFlg":"N","overrideFlg":"N","copyPropertyVal":"NO","dobj_Id":-1,"valid_Cd":"0","relevant_DbTyp_Ids":"4","operation":"","runAsOScommand":"N","input_Control":""},{"dbTyp_Id":4,"el_Type":"E","propertyType_Cd":"JDBC","property_Cd":"COMPRESSION_TYPE","propertyVal":"gzip","defaultSel":"Y","streamingFlg":"N","overrideFlg":"N","copyPropertyVal":"gzip","dobj_Id":-1,"valid_Cd":"0","relevant_DbTyp_Ids":"4","operation":"","runAsOScommand":"N","input_Control":""},{"dbTyp_Id":4,"el_Type":"E","propertyType_Cd":"JDBC","property_Cd":"ENCRYPTION","propertyVal":"NO","defaultSel":"Y","streamingFlg":"N","overrideFlg":"N","copyPropertyVal":"NO","dobj_Id":-1,"valid_Cd":"0","relevant_DbTyp_Ids":"4","operation":"","runAsOScommand":"N","input_Control":""},{"dbTyp_Id":4,"el_Type":"E","propertyType_Cd":"JDBC","property_Cd":"ENCRYPTION_TYPE","propertyVal":"AES-128","defaultSel":"Y","streamingFlg":"N","overrideFlg":"N","copyPropertyVal":"AES-128","dobj_Id":-1,"valid_Cd":"0","relevant_DbTyp_Ids":"4","operation":"","runAsOScommand":"N","input_Control":""},{"dbTyp_Id":4,"el_Type":"E","propertyType_Cd":"JDBC","property_Cd":"ENCRYPTED_AES_SECRET_KEY","propertyVal":"NO","defaultSel":"Y","streamingFlg":"N","overrideFlg":"N","copyPropertyVal":"NO","dobj_Id":-1,"valid_Cd":"0","relevant_DbTyp_Ids":"4","operation":"","runAsOScommand":"N","input_Control":""},{"dbTyp_Id":4,"el_Type":"E","propertyType_Cd":"JDBC","property_Cd":"ROW_DELIMITER","propertyVal":"\\\\n","defaultSel":"Y","streamingFlg":"N","overrideFlg":"N","copyPropertyVal":"\\\\n","dobj_Id":-1,"valid_Cd":"0","relevant_DbTyp_Ids":"4","operation":"","runAsOScommand":"N","input_Control":""},{"dbTyp_Id":4,"el_Type":"E","propertyType_Cd":"JDBC","property_Cd":"TIME_PRECISION","propertyVal":"MAX_PRECISION","defaultSel":"Y","streamingFlg":"N","overrideFlg":"N","copyPropertyVal":"MAX_PRECISION","dobj_Id":-1,"valid_Cd":"0","relevant_DbTyp_Ids":"4","operation":"","runAsOScommand":"N","input_Control":""},{"dbTyp_Id":4,"el_Type":"E","propertyType_Cd":"JDBC","property_Cd":"NULLVALUE","propertyVal":"NA","defaultSel":"Y","streamingFlg":"N","overrideFlg":"N","copyPropertyVal":"NA","dobj_Id":-1,"valid_Cd":"0","relevant_DbTyp_Ids":"4","operation":"","runAsOScommand":"N","input_Control":""},{"dbTyp_Id":4,"el_Type":"E","propertyType_Cd":"JDBC","property_Cd":"ESC_CHAR","propertyVal":"","defaultSel":"Y","streamingFlg":"N","overrideFlg":"N","copyPropertyVal":"","dobj_Id":-1,"valid_Cd":"0","relevant_DbTyp_Ids":"4","operation":"","runAsOScommand":"N","input_Control":""},{"dbTyp_Id":4,"el_Type":"E","propertyType_Cd":"JDBC","property_Cd":"TEXT_QUALIFIER","propertyVal":"","defaultSel":"Y","streamingFlg":"N","overrideFlg":"N","copyPropertyVal":"","dobj_Id":-1,"valid_Cd":"0","relevant_DbTyp_Ids":"4","operation":"","runAsOScommand":"N","input_Control":""},{"dbTyp_Id":4,"el_Type":"E","propertyType_Cd":"JDBC","property_Cd":"DATE_STYLE","propertyVal":"YMD","defaultSel":"Y","streamingFlg":"N","overrideFlg":"N","copyPropertyVal":"YMD","dobj_Id":-1,"valid_Cd":"0","relevant_DbTyp_Ids":"4","operation":"","runAsOScommand":"N","input_Control":""},{"dbTyp_Id":4,"el_Type":"E","propertyType_Cd":"JDBC","property_Cd":"DATE_DELIM","propertyVal":"-","defaultSel":"Y","streamingFlg":"N","overrideFlg":"N","copyPropertyVal":"-","dobj_Id":-1,"valid_Cd":"0","relevant_DbTyp_Ids":"4","operation":"","runAsOScommand":"N","input_Control":""},{"dbTyp_Id":4,"el_Type":"E","propertyType_Cd":"JDBC","property_Cd":"TIME_STYLE","propertyVal":"24HOUR","defaultSel":"Y","streamingFlg":"N","overrideFlg":"N","copyPropertyVal":"24HOUR","dobj_Id":-1,"valid_Cd":"0","relevant_DbTyp_Ids":"4","operation":"","runAsOScommand":"N","input_Control":""},{"dbTyp_Id":4,"el_Type":"E","propertyType_Cd":"JDBC","property_Cd":"TIME_DELIM","propertyVal":":","defaultSel":"Y","streamingFlg":"N","overrideFlg":"N","copyPropertyVal":":","dobj_Id":-1,"valid_Cd":"0","relevant_DbTyp_Ids":"4","operation":"","runAsOScommand":"N","input_Control":""},{"dbTyp_Id":4,"el_Type":"E","propertyType_Cd":"JDBC","property_Cd":"DECI_DELIM","propertyVal":"","defaultSel":"Y","streamingFlg":"N","overrideFlg":"N","copyPropertyVal":"","dobj_Id":-1,"valid_Cd":"0","relevant_DbTyp_Ids":"4","operation":"","runAsOScommand":"N","input_Control":""},{"dbTyp_Id":4,"el_Type":"E","propertyType_Cd":"JDBC","property_Cd":"FETCHSIZE","propertyVal":"1000","defaultSel":"Y","streamingFlg":"N","overrideFlg":"N","copyPropertyVal":"1000","dobj_Id":-1,"valid_Cd":"0","relevant_DbTyp_Ids":"4","operation":"","runAsOScommand":"N","input_Control":""},{"dbTyp_Id":4,"el_Type":"E","propertyType_Cd":"JDBC","property_Cd":"INCLUDE_HEADER","propertyVal":"OFF","defaultSel":"Y","streamingFlg":"N","overrideFlg":"N","copyPropertyVal":"OFF","dobj_Id":-1,"valid_Cd":"0","relevant_DbTyp_Ids":"4","operation":"","runAsOScommand":"N","input_Control":""},{"dbTyp_Id":4,"el_Type":"E","propertyType_Cd":"PSQL","property_Cd":"CIPHER_OPERATION_MODE","propertyVal":"CBC","defaultSel":"N","streamingFlg":"N","overrideFlg":"N","copyPropertyVal":"CBC","dobj_Id":-1,"valid_Cd":"0","relevant_DbTyp_Ids":"4","operation":"","runAsOScommand":"N","input_Control":""},{"dbTyp_Id":4,"el_Type":"E","propertyType_Cd":"PSQL","property_Cd":"EXTRACT_MODE","propertyVal":"File","defaultSel":"N","streamingFlg":"N","overrideFlg":"N","copyPropertyVal":"File","dobj_Id":-1,"valid_Cd":"0","relevant_DbTyp_Ids":"4","operation":"","runAsOScommand":"N","input_Control":""},{"dbTyp_Id":4,"el_Type":"E","propertyType_Cd":"PSQL","property_Cd":"BOOL_STYLE","propertyVal":"T_F","defaultSel":"N","streamingFlg":"N","overrideFlg":"N","copyPropertyVal":"T_F","dobj_Id":-1,"valid_Cd":"0","relevant_DbTyp_Ids":"4","operation":"","runAsOScommand":"N","input_Control":""},{"dbTyp_Id":4,"el_Type":"E","propertyType_Cd":"PSQL","property_Cd":"FILE_TYPE","propertyVal":"Delimiter","defaultSel":"N","streamingFlg":"N","overrideFlg":"N","copyPropertyVal":"Delimiter","dobj_Id":-1,"valid_Cd":"0","relevant_DbTyp_Ids":"4","operation":"","runAsOScommand":"N","input_Control":""},{"dbTyp_Id":4,"el_Type":"E","propertyType_Cd":"PSQL","property_Cd":"COMPRESSION","propertyVal":"NO","defaultSel":"N","streamingFlg":"N","overrideFlg":"N","copyPropertyVal":"NO","dobj_Id":-1,"valid_Cd":"0","relevant_DbTyp_Ids":"4","operation":"","runAsOScommand":"N","input_Control":""},{"dbTyp_Id":4,"el_Type":"E","propertyType_Cd":"PSQL","property_Cd":"COMPRESSION_TYPE","propertyVal":"gzip","defaultSel":"N","streamingFlg":"N","overrideFlg":"N","copyPropertyVal":"gzip","dobj_Id":-1,"valid_Cd":"0","relevant_DbTyp_Ids":"4","operation":"","runAsOScommand":"N","input_Control":""},{"dbTyp_Id":4,"el_Type":"E","propertyType_Cd":"PSQL","property_Cd":"ENCRYPTION","propertyVal":"NO","defaultSel":"N","streamingFlg":"N","overrideFlg":"N","copyPropertyVal":"NO","dobj_Id":-1,"valid_Cd":"0","relevant_DbTyp_Ids":"4","operation":"","runAsOScommand":"N","input_Control":""},{"dbTyp_Id":4,"el_Type":"E","propertyType_Cd":"PSQL","property_Cd":"ENCRYPTION_TYPE","propertyVal":"AES-128","defaultSel":"N","streamingFlg":"N","overrideFlg":"N","copyPropertyVal":"AES-128","dobj_Id":-1,"valid_Cd":"0","relevant_DbTyp_Ids":"4","operation":"","runAsOScommand":"N","input_Control":""},{"dbTyp_Id":4,"el_Type":"E","propertyType_Cd":"PSQL","property_Cd":"ENCRYPTED_AES_SECRET_KEY","propertyVal":"NO","defaultSel":"N","streamingFlg":"N","overrideFlg":"N","copyPropertyVal":"NO","dobj_Id":-1,"valid_Cd":"0","relevant_DbTyp_Ids":"4","operation":"","runAsOScommand":"N","input_Control":""},{"dbTyp_Id":4,"el_Type":"E","propertyType_Cd":"PSQL","property_Cd":"COLUMN_DELIMITER","propertyVal":"01","defaultSel":"N","streamingFlg":"N","overrideFlg":"N","copyPropertyVal":"01","dobj_Id":-1,"valid_Cd":"0","relevant_DbTyp_Ids":"4","operation":"","runAsOScommand":"N","input_Control":""},{"dbTyp_Id":4,"el_Type":"E","propertyType_Cd":"PSQL","property_Cd":"NULLVALUE","propertyVal":"NULL","defaultSel":"N","streamingFlg":"N","overrideFlg":"N","copyPropertyVal":"NULL","dobj_Id":-1,"valid_Cd":"0","relevant_DbTyp_Ids":"4","operation":"","runAsOScommand":"N","input_Control":""},{"dbTyp_Id":4,"el_Type":"E","propertyType_Cd":"PSQL","property_Cd":"ESC_CHAR","propertyVal":"","defaultSel":"N","streamingFlg":"N","overrideFlg":"N","copyPropertyVal":"","dobj_Id":-1,"valid_Cd":"0","relevant_DbTyp_Ids":"4","operation":"","runAsOScommand":"N","input_Control":""},{"dbTyp_Id":4,"el_Type":"E","propertyType_Cd":"PSQL","property_Cd":"TEXT_QUALIFIER","propertyVal":"","defaultSel":"N","streamingFlg":"N","overrideFlg":"N","copyPropertyVal":"","dobj_Id":-1,"valid_Cd":"0","relevant_DbTyp_Ids":"4","operation":"","runAsOScommand":"N","input_Control":""},{"dbTyp_Id":4,"el_Type":"E","propertyType_Cd":"PSQL","property_Cd":"DATE_STYLE","propertyVal":"YMD","defaultSel":"N","streamingFlg":"N","overrideFlg":"N","copyPropertyVal":"YMD","dobj_Id":-1,"valid_Cd":"0","relevant_DbTyp_Ids":"4","operation":"","runAsOScommand":"N","input_Control":""},{"dbTyp_Id":4,"el_Type":"E","propertyType_Cd":"PSQL","property_Cd":"DATE_DELIM","propertyVal":"-","defaultSel":"N","streamingFlg":"N","overrideFlg":"N","copyPropertyVal":"-","dobj_Id":-1,"valid_Cd":"0","relevant_DbTyp_Ids":"4","operation":"","runAsOScommand":"N","input_Control":""},{"dbTyp_Id":4,"el_Type":"E","propertyType_Cd":"PSQL","property_Cd":"TIME_STYLE","propertyVal":"24HOUR","defaultSel":"N","streamingFlg":"N","overrideFlg":"N","copyPropertyVal":"24HOUR","dobj_Id":-1,"valid_Cd":"0","relevant_DbTyp_Ids":"4","operation":"","runAsOScommand":"N","input_Control":""},{"dbTyp_Id":4,"el_Type":"E","propertyType_Cd":"PSQL","property_Cd":"TIME_DELIM","propertyVal":":","defaultSel":"N","streamingFlg":"N","overrideFlg":"N","copyPropertyVal":":","dobj_Id":-1,"valid_Cd":"0","relevant_DbTyp_Ids":"4","operation":"","runAsOScommand":"N","input_Control":""},{"dbTyp_Id":4,"el_Type":"E","propertyType_Cd":"PSQL","property_Cd":"HEADER","propertyVal":"off","defaultSel":"N","streamingFlg":"N","overrideFlg":"N","copyPropertyVal":"off","dobj_Id":-1,"valid_Cd":"0","relevant_DbTyp_Ids":"4","operation":"","runAsOScommand":"N","input_Control":""},{"dbTyp_Id":4,"el_Type":"E","propertyType_Cd":"PSQL","property_Cd":"OIDS","propertyVal":"off","defaultSel":"N","streamingFlg":"N","overrideFlg":"N","copyPropertyVal":"off","dobj_Id":-1,"valid_Cd":"0","relevant_DbTyp_Ids":"4","operation":"","runAsOScommand":"N","input_Control":""}],"load_Properties":[{"dbTyp_Id":4,"el_Type":"L","propertyType_Cd":"JDBC","property_Cd":"BATCHSIZE","propertyVal":"50000","defaultSel":"Y","streamingFlg":"N","overrideFlg":"N","copyPropertyVal":"50000","dobj_Id":-1,"valid_Cd":"0","relevant_DbTyp_Ids":"4","operation":"","runAsOScommand":"N","input_Control":""},{"dbTyp_Id":4,"el_Type":"L","propertyType_Cd":"JDBC","property_Cd":"SKIPROWS","propertyVal":"0","defaultSel":"Y","streamingFlg":"N","overrideFlg":"N","copyPropertyVal":"0","dobj_Id":-1,"valid_Cd":"0","relevant_DbTyp_Ids":"4","operation":"","runAsOScommand":"N","input_Control":""},{"dbTyp_Id":4,"el_Type":"L","propertyType_Cd":"JDBC","property_Cd":"MAXROWS","propertyVal":"Load All Rows","defaultSel":"Y","streamingFlg":"N","overrideFlg":"N","copyPropertyVal":"Load All Rows","dobj_Id":-1,"valid_Cd":"0","relevant_DbTyp_Ids":"4","operation":"","runAsOScommand":"N","input_Control":""},{"dbTyp_Id":4,"el_Type":"L","propertyType_Cd":"JDBC","property_Cd":"MAXERRORS","propertyVal":"1","defaultSel":"Y","streamingFlg":"N","overrideFlg":"N","copyPropertyVal":"1","dobj_Id":-1,"valid_Cd":"0","relevant_DbTyp_Ids":"4","operation":"","runAsOScommand":"N","input_Control":""},{"dbTyp_Id":4,"el_Type":"L","propertyType_Cd":"PSQL","property_Cd":"ENCODING","propertyVal":"UTF8","defaultSel":"N","streamingFlg":"N","overrideFlg":"N","copyPropertyVal":"UTF8","dobj_Id":-1,"valid_Cd":"0","relevant_DbTyp_Ids":"4","operation":"","runAsOScommand":"N","input_Control":""},{"dbTyp_Id":4,"el_Type":"L","propertyType_Cd":"PSQL","property_Cd":"QUOTE","propertyVal":"\"","defaultSel":"N","streamingFlg":"N","overrideFlg":"N","copyPropertyVal":"\"","dobj_Id":-1,"valid_Cd":"0","relevant_DbTyp_Ids":"4","operation":"","runAsOScommand":"N","input_Control":""},{"dbTyp_Id":4,"el_Type":"L","propertyType_Cd":"PSQL","property_Cd":"FORCE_NOT_NULL","propertyVal":"","defaultSel":"N","streamingFlg":"N","overrideFlg":"N","copyPropertyVal":"","dobj_Id":-1,"valid_Cd":"0","relevant_DbTyp_Ids":"4","operation":"","runAsOScommand":"N","input_Control":""},{"dbTyp_Id":4,"el_Type":"L","propertyType_Cd":"PSQL","property_Cd":"FORCE_NULL","propertyVal":"","defaultSel":"N","streamingFlg":"N","overrideFlg":"N","copyPropertyVal":"","dobj_Id":-1,"valid_Cd":"0","relevant_DbTyp_Ids":"4","operation":"","runAsOScommand":"N","input_Control":""},{"dbTyp_Id":4,"el_Type":"L","propertyType_Cd":"PSQL","property_Cd":"SKIPROWS","propertyVal":"0","defaultSel":"N","streamingFlg":"N","overrideFlg":"N","copyPropertyVal":"0","dobj_Id":-1,"valid_Cd":"0","relevant_DbTyp_Ids":"4","operation":"","runAsOScommand":"N","input_Control":""},{"dbTyp_Id":4,"el_Type":"L","propertyType_Cd":"PSQL","property_Cd":"OIDS","propertyVal":"off","defaultSel":"N","streamingFlg":"N","overrideFlg":"N","copyPropertyVal":"off","dobj_Id":-1,"valid_Cd":"0","relevant_DbTyp_Ids":"4","operation":"","runAsOScommand":"N","input_Control":""},{"dbTyp_Id":4,"el_Type":"L","propertyType_Cd":"PSQL","property_Cd":"HEADER","propertyVal":"OFF","defaultSel":"N","streamingFlg":"N","overrideFlg":"N","copyPropertyVal":"OFF","dobj_Id":-1,"valid_Cd":"0","relevant_DbTyp_Ids":"4","operation":"","runAsOScommand":"N","input_Control":""}],"run_Properties":[],"header_Properties":[],"dependent_Ids":[168118],"reusableFlag":"N","sel_Extract_PropertyType_Cd":"JDBC","sel_Load_PropertyType_Cd":"JDBC","sel_Run_PropertyType_Cd":"A","isMssqlSchemaSel":"N","isMssqlSelectedDBNm":""}],"nativeSequences":[],"scheduleGroups":[],"schTasks":[],"schTaskCalendars":[],"schTaskEmails":[],"schTaskFiles":[],"schTaskEvents":[],"params":[]}]}