{"rep_Id":11,"nm":"DIREP","exportLevel":"DXFLOW","build_Id":"3117","relVer":"4.1.0","patch_Id":"012","fldrs":[{"fldr":{"fldr_Id":168120,"nm":"INSIGHTS_DATAMART_GITHUB_TEST","reusableFlag":"N","fldr_Cd":"GIT1","versionControlFlg":"N"},"dataObjects":[],"dBFuns":[],"udfs":[],"layerObjects":[{"layer":{"layer_Id":168126,"fldr_Id":168120,"nm":"SF"},"maps":[],"flows":[{"fldr_Id":168120,"dxFlow":{"dxFlow_Id":168141,"layer_Id":168126,"nm":"jf_git_import","description":"","ver":"8","paramFilePath":"","paramFileNm":"","valid_Cd":"0","updateBy":"anaveen","lastUpdateBy":"anaveen","updateDt":1578915939,"dxFlow_Type":"R","retryEnabled":"N","numOfRetryAttempts":2,"retryWaitTime":60},"params":[{"param_Id":1,"obj_Id":168141,"nm":"Project_Name","paramNm":"$FL_Project_Name","paramPrec":20,"paramScale":0,"paramDTyp_Id":12,"paramVal":"INSIGHTS_DATAMART_GITHUB_TEST2","valid_Cd":"0","srt_Order":0,"paramTyp":"P","type":"General Configuration","prm_Lnk_Obj_Id":-1,"paramDefVal":"NULL","conn_Id":-1,"conn_Db_Id":-1,"jobId":-1,"jobOrder":"","paramDTyp_Nm":"","isEditable":"Y","fldr_Id":-1,"forcibleFlag":"N"},{"param_Id":2,"obj_Id":168141,"nm":"Branch_name","paramNm":"$FL_Branch_name","paramPrec":20,"paramScale":0,"paramDTyp_Id":12,"paramVal":"develop","valid_Cd":"0","srt_Order":1,"paramTyp":"P","type":"General Configuration","prm_Lnk_Obj_Id":-1,"paramDefVal":"NULL","conn_Id":-1,"conn_Db_Id":-1,"jobId":-1,"jobOrder":"","paramDTyp_Nm":"","isEditable":"Y","fldr_Id":-1,"forcibleFlag":"N"}],"sqlParams":[],"projectParams":[],"objects":[{"fldr_Id":-1,"tCmd_Inst":{"tCmd_Inst_Id":4,"nm":"CMD_GIT","description":"","ver":"7","tCmdScriptPath":"","tCmdScriptNm":"sh /home/di/diyotta/controller/support/git_scripts/diy_import_test.sh /home/di/diyotta/controller/support/BIOIQ_GIT $FL_Branch_name\n/home/di/diyotta/controller/support/git_scripts/importlistfile.dat /home/di/diyotta/controller/support/tmp $FL_Project_Name","valid_Cd":"0","dxFlow_Id":168141,"flagent_Id":86,"updateBy":"anaveen","lastUpdateBy":"anaveen","updateDt":1578915916,"agentGrpInd":"A","disableFlg":"N","success_Codes":"0,99","tCmdType":"E","flagentNm":"Default","conn_Id":-1,"tCmdScriptValid_Cd":"0","retryEnabled":"N","numOfRetryAttempts":2,"retryWaitTime":60},"flagent":{"flagent_Id":86,"nm":"Default","description":"Default agent","port":"9004","drFlag":"Y","dIVersion":"","flagent_cfgs":[{"flagent_Id":86,"fla_Cfg_Id":1,"fla_Cfg_Type":"##Agent Log Settings","fla_Cfg_Cd":"flagent.loglevel","fla_Cfg_Name":"flagent.loglevel","fla_Cfg_Val":"TRACE","updateDt":1490392213,"updateBy":"rparman","cfg_Type":"AGENT","change_Ind":"N","updatedFlag":"N","fldr_Id":-1},{"flagent_Id":86,"fla_Cfg_Id":2,"fla_Cfg_Type":"##Agent Log Settings","fla_Cfg_Cd":"flagent.logsize","fla_Cfg_Name":"flagent.logsize","fla_Cfg_Val":"100MB","updateDt":1490392213,"updateBy":"rparman","cfg_Type":"AGENT","change_Ind":"N","updatedFlag":"N","fldr_Id":-1},{"flagent_Id":86,"fla_Cfg_Id":3,"fla_Cfg_Type":"##Agent Log Settings","fla_Cfg_Cd":"flagent.logbkup_file_count","fla_Cfg_Name":"flagent.logbkup_file_count","fla_Cfg_Val":"10","updateDt":1490392213,"updateBy":"rparman","cfg_Type":"AGENT","change_Ind":"N","updatedFlag":"N","fldr_Id":-1},{"flagent_Id":86,"fla_Cfg_Id":4,"fla_Cfg_Type":"##Agent Log Settings","fla_Cfg_Cd":"flagent.logtype","fla_Cfg_Name":"flagent.logtype","fla_Cfg_Val":"txt","updateDt":1490392213,"updateBy":"rparman","cfg_Type":"AGENT","change_Ind":"N","updatedFlag":"N","fldr_Id":-1},{"flagent_Id":86,"fla_Cfg_Id":59,"fla_Cfg_Type":"##Agent Log Settings","fla_Cfg_Cd":"flagent.unitLogging","fla_Cfg_Name":"flagent.unitLogging","fla_Cfg_Val":"No","updateDt":1571205529,"updateBy":"Administrator","cfg_Type":"AGENT","change_Ind":"N","updatedFlag":"N","fldr_Id":-1},{"flagent_Id":86,"fla_Cfg_Id":60,"fla_Cfg_Type":"##Agent Log Settings","fla_Cfg_Cd":"flagent.maxUnitLogHistory","fla_Cfg_Name":"flagent.maxUnitLogHistory","fla_Cfg_Val":"2","updateDt":1571205530,"updateBy":"Administrator","cfg_Type":"AGENT","change_Ind":"N","updatedFlag":"N","fldr_Id":-1},{"flagent_Id":86,"fla_Cfg_Id":52,"fla_Cfg_Type":"##Agent Path Settings","fla_Cfg_Cd":"AGENT_STAGE_FILES","fla_Cfg_Name":"diagent.stagefiles ($$StgFileDir)","fla_Cfg_Val":"${diagent.home}/app/stage","updateDt":1571205521,"updateBy":"Administrator","cfg_Type":"AGENT","change_Ind":"N","updatedFlag":"N","fldr_Id":-1},{"flagent_Id":86,"fla_Cfg_Id":53,"fla_Cfg_Type":"##Agent Path Settings","fla_Cfg_Cd":"AGENT_SOURCE_FILES","fla_Cfg_Name":"diagent.sourcefiles ($$SrcFileDir)","fla_Cfg_Val":"${diagent.home}/app/source","updateDt":1571205521,"updateBy":"Administrator","cfg_Type":"AGENT","change_Ind":"N","updatedFlag":"N","fldr_Id":-1},{"flagent_Id":86,"fla_Cfg_Id":54,"fla_Cfg_Type":"##Agent Path Settings","fla_Cfg_Cd":"AGENT_TARGET_FILES","fla_Cfg_Name":"diagent.targetfiles ($$TgtFileDir)","fla_Cfg_Val":"${diagent.home}/app/target","updateDt":1571205521,"updateBy":"Administrator","cfg_Type":"AGENT","change_Ind":"N","updatedFlag":"N","fldr_Id":-1},{"flagent_Id":86,"fla_Cfg_Id":55,"fla_Cfg_Type":"##Agent Path Settings","fla_Cfg_Cd":"AGENT_ARCHIVE_FILES","fla_Cfg_Name":"diagent.archivefiles ($$ArchFileDir)","fla_Cfg_Val":"${diagent.home}/app/archive","updateDt":1571205521,"updateBy":"Administrator","cfg_Type":"AGENT","change_Ind":"N","updatedFlag":"N","fldr_Id":-1},{"flagent_Id":86,"fla_Cfg_Id":56,"fla_Cfg_Type":"##Agent Path Settings","fla_Cfg_Cd":"AGENT_BAD_FILES","fla_Cfg_Name":"diagent.badfiles ($$BadFileDir)","fla_Cfg_Val":"${diagent.home}/app/bad","updateDt":1571205521,"updateBy":"Administrator","cfg_Type":"AGENT","change_Ind":"N","updatedFlag":"N","fldr_Id":-1},{"flagent_Id":86,"fla_Cfg_Id":57,"fla_Cfg_Type":"##Agent Path Settings","fla_Cfg_Cd":"AGENT_CONTROL_FILES","fla_Cfg_Name":"diagent.ctrlfiles ($$CtrlFileDir)","fla_Cfg_Val":"${diagent.home}/app/control","updateDt":1571205521,"updateBy":"Administrator","cfg_Type":"AGENT","change_Ind":"N","updatedFlag":"N","fldr_Id":-1},{"flagent_Id":86,"fla_Cfg_Id":58,"fla_Cfg_Type":"##Agent Path Settings","fla_Cfg_Cd":"AGENT_LOG_FILES","fla_Cfg_Name":"diagent.opslogs ($$AppLogDir)","fla_Cfg_Val":"${diagent.home}/app/logs","updateDt":1571205521,"updateBy":"Administrator","cfg_Type":"AGENT","change_Ind":"N","updatedFlag":"N","fldr_Id":-1},{"flagent_Id":86,"fla_Cfg_Id":7,"fla_Cfg_Type":"##AppLogs Settings","fla_Cfg_Cd":"ops.OPS_BLK_DATA_LOGGING_BATCH","fla_Cfg_Name":"ops.OPS_BLK_DATA_LOGGING_BATCH","fla_Cfg_Val":"500000","updateDt":1490392213,"updateBy":"rparman","cfg_Type":"AGENT","change_Ind":"N","updatedFlag":"N","fldr_Id":-1},{"flagent_Id":86,"fla_Cfg_Id":8,"fla_Cfg_Type":"##AppLogs Settings","fla_Cfg_Cd":"ops.OPS_NO_OF_THREADS","fla_Cfg_Name":"ops.OPS_NO_OF_THREADS","fla_Cfg_Val":"100","updateDt":1490392213,"updateBy":"rparman","cfg_Type":"AGENT","change_Ind":"N","updatedFlag":"N","fldr_Id":-1},{"flagent_Id":86,"fla_Cfg_Id":9,"fla_Cfg_Type":"##AppLogs Settings","fla_Cfg_Cd":"ops.QUERY_TIMEOUT","fla_Cfg_Name":"ops.QUERY_TIMEOUT","fla_Cfg_Val":"7200","updateDt":1490392213,"updateBy":"rparman","cfg_Type":"AGENT","change_Ind":"N","updatedFlag":"N","fldr_Id":-1},{"flagent_Id":86,"fla_Cfg_Id":10,"fla_Cfg_Type":"##AppLogs Settings","fla_Cfg_Cd":"ops.BUF_SIZE","fla_Cfg_Name":"ops.BUF_SIZE","fla_Cfg_Val":"102400","updateDt":1490392213,"updateBy":"rparman","cfg_Type":"AGENT","change_Ind":"N","updatedFlag":"N","fldr_Id":-1},{"flagent_Id":86,"fla_Cfg_Id":16,"fla_Cfg_Type":"##AppLogs Settings","fla_Cfg_Cd":"ops.CONN_ATTEMPTS","fla_Cfg_Name":"ops.CONN_ATTEMPTS","fla_Cfg_Val":"3","updateDt":1490392213,"updateBy":"rparman","cfg_Type":"AGENT","change_Ind":"N","updatedFlag":"N","fldr_Id":-1},{"flagent_Id":86,"fla_Cfg_Id":17,"fla_Cfg_Type":"##AppLogs Settings","fla_Cfg_Cd":"ops.CONN_WAIT","fla_Cfg_Name":"ops.CONN_WAIT","fla_Cfg_Val":"5","updateDt":1490392213,"updateBy":"rparman","cfg_Type":"AGENT","change_Ind":"N","updatedFlag":"N","fldr_Id":-1},{"flagent_Id":86,"fla_Cfg_Id":5,"fla_Cfg_Type":"##Data Transmission Settings","fla_Cfg_Cd":"flagent.compression","fla_Cfg_Name":"flagent.compression","fla_Cfg_Val":"N","updateDt":1490392213,"updateBy":"rparman","cfg_Type":"AGENT","change_Ind":"N","updatedFlag":"N","fldr_Id":-1},{"flagent_Id":86,"fla_Cfg_Id":6,"fla_Cfg_Type":"##Data Transmission Settings","fla_Cfg_Cd":"flagent.encryption","fla_Cfg_Name":"flagent.encryption","fla_Cfg_Val":"N","updateDt":1490392213,"updateBy":"rparman","cfg_Type":"AGENT","change_Ind":"N","updatedFlag":"N","fldr_Id":-1},{"flagent_Id":86,"fla_Cfg_Id":11,"fla_Cfg_Type":"##Data Transmission Settings","fla_Cfg_Cd":"flagent.encryptionType","fla_Cfg_Name":"flagent.encryptionType","fla_Cfg_Val":"AES-128","updateDt":1490392213,"updateBy":"rparman","cfg_Type":"AGENT","change_Ind":"N","updatedFlag":"N","fldr_Id":-1},{"flagent_Id":86,"fla_Cfg_Id":12,"fla_Cfg_Type":"##Data Transmission Settings","fla_Cfg_Cd":"flagent.encryptedAESSecretKey","fla_Cfg_Name":"flagent.encryptedAESSecretKey","fla_Cfg_Val":"N","updateDt":1490392213,"updateBy":"rparman","cfg_Type":"AGENT","change_Ind":"N","updatedFlag":"N","fldr_Id":-1},{"flagent_Id":86,"fla_Cfg_Id":13,"fla_Cfg_Type":"##Data Transmission Settings","fla_Cfg_Cd":"flagent.compressionType","fla_Cfg_Name":"flagent.compressionType","fla_Cfg_Val":"gzip","updateDt":1490392213,"updateBy":"rparman","cfg_Type":"AGENT","change_Ind":"N","updatedFlag":"N","fldr_Id":-1},{"flagent_Id":86,"fla_Cfg_Id":14,"fla_Cfg_Type":"##Data Transmission Settings","fla_Cfg_Cd":"flagent.channelSSL","fla_Cfg_Name":"flagent.channelSSL","fla_Cfg_Val":"OFF","updateDt":1490392213,"updateBy":"rparman","cfg_Type":"AGENT","change_Ind":"N","updatedFlag":"N","fldr_Id":-1},{"flagent_Id":86,"fla_Cfg_Id":18,"fla_Cfg_Type":"##Data Transmission Settings","fla_Cfg_Cd":"flagent.acktimeout","fla_Cfg_Name":"flagent.acktimeout","fla_Cfg_Val":"30","updateDt":1514973865,"updateBy":"Administrator","cfg_Type":"AGENT","change_Ind":"N","updatedFlag":"N","fldr_Id":-1},{"flagent_Id":86,"fla_Cfg_Id":20,"fla_Cfg_Type":"##Data Transmission Settings","fla_Cfg_Cd":"PIPE_WAIT_TIME","fla_Cfg_Name":"Pipe wait time","fla_Cfg_Val":"10","updateDt":1527768137,"updateBy":"Administrator","cfg_Type":"AGENT","change_Ind":"N","updatedFlag":"N","fldr_Id":-1},{"flagent_Id":86,"fla_Cfg_Id":21,"fla_Cfg_Type":"##Data Transmission Settings","fla_Cfg_Cd":"AGENT_SERVICE_IDLE_TIMEOUT","fla_Cfg_Name":"Agent service idle timeout","fla_Cfg_Val":"5","updateDt":1527768156,"updateBy":"Administrator","cfg_Type":"AGENT","change_Ind":"N","updatedFlag":"N","fldr_Id":-1},{"flagent_Id":86,"fla_Cfg_Id":47,"fla_Cfg_Type":"##File Transmission","fla_Cfg_Cd":"FLAGENT.PARALLELFILETRANSFERLIMIT","fla_Cfg_Name":"flagent.parallelfiletransferlimit","fla_Cfg_Val":"100","updateDt":1553005813,"updateBy":"admin","cfg_Type":"AGENT","change_Ind":"N","updatedFlag":"N","fldr_Id":-1}],"sslFlag":"N","keystore_path":"","keyPassword":"","truststore_path":"","trustPassword":"","cfgChangeInd":"N","activeAgentMessage":""},"flagent_Grp":{"flagent_Grp_Id":-1,"nm":""},"dxFlow_Obj_Properties":[],"conn_Db_Obj_Lnk":{"conn_Id":-1,"dxFlow_Id":168141,"dxMp_Inst_Id":4,"obj_Id":4,"conn_Db_Id":-1,"obj_Cd":"TCMD","dbTyp_Id":-1,"extract_Properties":[],"load_Properties":[],"partition_Properties":[],"sel_Extract_PropertyType_Cd":"","sel_Load_PropertyType_Cd":"","metaData_Properties":[],"decryption_Properties":[],"reRun_Properties":[]}}],"dxFlow_Fwd_Lnks":[],"dxFlow_Obj_Properties":[{"dxFlow_Id":168141,"job_Id":-1,"property_Id":-1,"property_Cd":"LOGGING_LEVEL","property_Nm":"LOGGING_LEVEL","property_Val":"INFO","srt_Order":1,"property_Type":" "},{"dxFlow_Id":168141,"job_Id":-1,"property_Id":-1,"property_Cd":"TFORM_CLEANUP","property_Nm":"TFORM_CLEANUP","property_Val":"Y","srt_Order":2,"property_Type":" "}],"dependent_Ids":[]}]}],"connections":[],"nativeSequences":[],"scheduleGroups":[],"schTasks":[],"schTaskCalendars":[],"schTaskEmails":[],"schTaskFiles":[],"schTaskEvents":[],"params":[]}]}